"","PD38581XD"
"","Tasas de interés: EMBIG (variación en pbs) - Spread - EMBIG Chile (pbs)"
01Ene15,169
02Ene15,170
05Ene15,177
06Ene15,178
07Ene15,176
08Ene15,172
09Ene15,177
12Ene15,178
13Ene15,182
14Ene15,194
15Ene15,200
16Ene15,199
19Ene15,199
20Ene15,194
21Ene15,189
22Ene15,187
23Ene15,187
26Ene15,186
27Ene15,187
28Ene15,199
29Ene15,194
30Ene15,200
02Feb15,198
03Feb15,191
04Feb15,190
05Feb15,186
06Feb15,179
09Feb15,180
10Feb15,178
11Feb15,179
12Feb15,176
13Feb15,168
16Feb15,168
17Feb15,156
18Feb15,161
19Feb15,155
20Feb15,150
23Feb15,156
24Feb15,155
25Feb15,149
26Feb15,146
27Feb15,144
02Mar15,140
03Mar15,137
04Mar15,143
05Mar15,149
06Mar15,147
09Mar15,149
10Mar15,156
11Mar15,156
12Mar15,155
13Mar15,158
16Mar15,162
17Mar15,166
18Mar15,174
19Mar15,165
20Mar15,167
23Mar15,164
24Mar15,161
25Mar15,158
26Mar15,154
27Mar15,158
30Mar15,157
31Mar15,158
01Abr15,157
02Abr15,156
03Abr15,160
06Abr15,154
07Abr15,156
08Abr15,153
09Abr15,149
10Abr15,150
13Abr15,149
14Abr15,151
15Abr15,153
16Abr15,156
17Abr15,158
20Abr15,154
21Abr15,154
22Abr15,151
23Abr15,155
24Abr15,153
27Abr15,151
28Abr15,146
29Abr15,145
30Abr15,147
01May15,142
04May15,141
05May15,139
06May15,136
07May15,141
08May15,139
11May15,137
12May15,140
13May15,140
14May15,142
15May15,148
18May15,141
19May15,145
20May15,144
21May15,146
22May15,144
25May15,144
26May15,149
27May15,148
28May15,149
29May15,150
01Jun15,149
02Jun15,146
03Jun15,141
04Jun15,147
05Jun15,142
08Jun15,144
09Jun15,148
10Jun15,147
11Jun15,151
12Jun15,150
15Jun15,153
16Jun15,157
17Jun15,160
18Jun15,154
19Jun15,157
22Jun15,154
23Jun15,149
24Jun15,151
25Jun15,151
26Jun15,149
29Jun15,160
30Jun15,158
01Jul15,153
02Jul15,153
03Jul15,153
06Jul15,162
07Jul15,166
08Jul15,171
09Jul15,165
10Jul15,159
13Jul15,160
14Jul15,159
15Jul15,161
16Jul15,159
17Jul15,159
20Jul15,159
21Jul15,163
22Jul15,164
23Jul15,173
24Jul15,187
27Jul15,195
28Jul15,189
29Jul15,179
30Jul15,176
31Jul15,179
03Ago15,182
04Ago15,180
05Ago15,177
06Ago15,180
07Ago15,186
10Ago15,179
11Ago15,186
12Ago15,187
13Ago15,184
14Ago15,188
17Ago15,187
18Ago15,188
19Ago15,198
20Ago15,204
21Ago15,212
24Ago15,225
25Ago15,210
26Ago15,213
27Ago15,205
28Ago15,202
31Ago15,205
01Set15,211
02Set15,208
03Set15,203
04Set15,206
07Set15,206
08Set15,204
09Set15,204
10Set15,205
11Set15,207
14Set15,208
15Set15,201
16Set15,201
17Set15,206
18Set15,207
21Set15,210
22Set15,222
23Set15,224
24Set15,232
25Set15,232
28Set15,247
29Set15,254
30Set15,244
01Oct15,245
02Oct15,250
05Oct15,237
06Oct15,231
07Oct15,225
08Oct15,218
09Oct15,215
12Oct15,215
13Oct15,220
14Oct15,225
15Oct15,221
16Oct15,218
19Oct15,220
20Oct15,221
21Oct15,221
22Oct15,220
23Oct15,212
26Oct15,211
27Oct15,216
28Oct15,208
29Oct15,203
30Oct15,210
02Nov15,208
03Nov15,205
04Nov15,202
05Nov15,204
06Nov15,206
09Nov15,215
10Nov15,214
11Nov15,214
12Nov15,219
13Nov15,227
16Nov15,227
17Nov15,226
18Nov15,227
19Nov15,229
20Nov15,226
23Nov15,229
24Nov15,230
25Nov15,231
26Nov15,231
27Nov15,231
30Nov15,235
01Dic15,239
02Dic15,235
03Dic15,232
04Dic15,234
07Dic15,239
08Dic15,245
09Dic15,249
10Dic15,250
11Dic15,266
14Dic15,263
15Dic15,252
16Dic15,254
17Dic15,252
18Dic15,258
21Dic15,257
22Dic15,254
23Dic15,254
24Dic15,255
25Dic15,255
28Dic15,255
29Dic15,251
30Dic15,252
31Dic15,253
01Ene16,253
04Ene16,257
05Ene16,251
06Ene16,254
07Ene16,258
08Ene16,259
11Ene16,265
12Ene16,272
13Ene16,278
14Ene16,278
15Ene16,288
18Ene16,288
19Ene16,285
20Ene16,293
21Ene16,289
22Ene16,277
25Ene16,283
26Ene16,279
27Ene16,271
28Ene16,270
29Ene16,274
01Feb16,277
02Feb16,287
03Feb16,281
04Feb16,280
05Feb16,279
08Feb16,289
09Feb16,294
10Feb16,294
11Feb16,306
12Feb16,291
15Feb16,291
16Feb16,286
17Feb16,278
18Feb16,275
19Feb16,275
22Feb16,268
23Feb16,267
24Feb16,267
25Feb16,270
26Feb16,262
29Feb16,250
01Mar16,240
02Mar16,235
03Mar16,232
04Mar16,217
07Mar16,215
08Mar16,224
09Mar16,218
10Mar16,215
11Mar16,210
14Mar16,213
15Mar16,216
16Mar16,217
17Mar16,211
18Mar16,209
21Mar16,209
22Mar16,207
23Mar16,212
24Mar16,212
25Mar16,212
28Mar16,213
29Mar16,217
30Mar16,211
31Mar16,213
01Abr16,212
04Abr16,212
05Abr16,216
06Abr16,215
07Abr16,221
08Abr16,221
11Abr16,220
12Abr16,209
13Abr16,204
14Abr16,201
15Abr16,201
18Abr16,199
19Abr16,194
20Abr16,185
21Abr16,186
22Abr16,186
25Abr16,187
26Abr16,186
27Abr16,188
28Abr16,184
29Abr16,183
02May16,183
03May16,193
04May16,194
05May16,194
06May16,199
09May16,201
10May16,203
11May16,199
12May16,202
13May16,207
16May16,206
17May16,206
18May16,202
19May16,210
20May16,209
23May16,208
24May16,205
25May16,201
26May16,203
27May16,200
30May16,200
31May16,203
01Jun16,200
02Jun16,200
03Jun16,201
06Jun16,198
07Jun16,196
08Jun16,195
09Jun16,199
10Jun16,206
13Jun16,209
14Jun16,218
15Jun16,218
16Jun16,222
17Jun16,216
20Jun16,209
21Jun16,207
22Jun16,202
23Jun16,194
24Jun16,210
27Jun16,217
28Jun16,213
29Jun16,203
30Jun16,202
01Jul16,200
04Jul16,200
05Jul16,201
06Jul16,198
07Jul16,198
08Jul16,196
11Jul16,189
12Jul16,180
13Jul16,178
14Jul16,173
15Jul16,167
18Jul16,163
19Jul16,165
20Jul16,162
21Jul16,165
22Jul16,163
25Jul16,164
26Jul16,170
27Jul16,170
28Jul16,172
29Jul16,174
01Ago16,172
02Ago16,173
03Ago16,174
04Ago16,172
05Ago16,165
08Ago16,163
09Ago16,163
10Ago16,158
11Ago16,156
12Ago16,161
15Ago16,158
16Ago16,157
17Ago16,159
18Ago16,161
19Ago16,157
22Ago16,160
23Ago16,162
24Ago16,166
25Ago16,168
26Ago16,160
29Ago16,167
30Ago16,168
31Ago16,174
01Set16,177
02Set16,172
05Set16,172
06Set16,173
07Set16,171
08Set16,167
09Set16,172
12Set16,171
13Set16,172
14Set16,181
15Set16,180
16Set16,181
19Set16,182
20Set16,180
21Set16,175
22Set16,170
23Set16,175
26Set16,179
27Set16,180
28Set16,179
29Set16,180
30Set16,180
03Oct16,179
04Oct16,177
05Oct16,173
06Oct16,172
07Oct16,172
10Oct16,172
11Oct16,172
12Oct16,171
13Oct16,174
14Oct16,172
17Oct16,173
18Oct16,173
19Oct16,170
20Oct16,169
21Oct16,170
24Oct16,169
25Oct16,171
26Oct16,171
27Oct16,173
28Oct16,174
31Oct16,177
01Nov16,180
02Nov16,184
03Nov16,183
04Nov16,185
07Nov16,180
08Nov16,174
09Nov16,172
10Nov16,182
11Nov16,182
14Nov16,190
15Nov16,177
16Nov16,180
17Nov16,179
18Nov16,178
21Nov16,178
22Nov16,177
23Nov16,176
24Nov16,176
25Nov16,176
28Nov16,177
29Nov16,176
30Nov16,174
01Dic16,172
02Dic16,175
05Dic16,173
06Dic16,172
07Dic16,171
08Dic16,167
09Dic16,162
12Dic16,162
13Dic16,161
14Dic16,161
15Dic16,159
16Dic16,156
19Dic16,158
20Dic16,156
21Dic16,157
22Dic16,156
23Dic16,157
26Dic16,157
27Dic16,154
28Dic16,156
29Dic16,158
30Dic16,158
02Ene17,158
03Ene17,157
04Ene17,153
05Ene17,154
06Ene17,151
09Ene17,153
10Ene17,153
11Ene17,156
12Ene17,153
13Ene17,152
16Ene17,152
17Ene17,152
18Ene17,151
19Ene17,149
20Ene17,149
23Ene17,152
24Ene17,148
25Ene17,143
26Ene17,144
27Ene17,143
30Ene17,144
31Ene17,144
01Feb17,142
02Feb17,140
03Feb17,135
06Feb17,139
07Feb17,138
08Feb17,137
09Feb17,134
10Feb17,133
13Feb17,130
14Feb17,129
15Feb17,127
16Feb17,128
17Feb17,131
20Feb17,131
21Feb17,128
22Feb17,126
23Feb17,124
24Feb17,127
27Feb17,125
28Feb17,130
01Mar17,126
02Mar17,127
03Mar17,127
06Mar17,127
07Mar17,128
08Mar17,132
09Mar17,135
10Mar17,134
13Mar17,135
14Mar17,136
15Mar17,137
16Mar17,134
17Mar17,135
20Mar17,135
21Mar17,133
22Mar17,134
23Mar17,133
24Mar17,134
27Mar17,135
28Mar17,133
29Mar17,132
30Mar17,131
31Mar17,133
03Abr17,133
04Abr17,135
05Abr17,134
06Abr17,135
07Abr17,133
10Abr17,133
11Abr17,135
12Abr17,135
13Abr17,137
14Abr17,137
17Abr17,138
18Abr17,142
19Abr17,140
20Abr17,140
21Abr17,141
24Abr17,138
25Abr17,136
26Abr17,136
27Abr17,137
28Abr17,136
01May17,135
02May17,135
03May17,134
04May17,134
05May17,134
08May17,132
09May17,130
10May17,130
11May17,130
12May17,132
15May17,131
16May17,130
17May17,135
18May17,138
19May17,136
22May17,134
23May17,131
24May17,132
25May17,132
26May17,131
29May17,131
30May17,132
31May17,134
01Jun17,133
02Jun17,135
05Jun17,134
06Jun17,134
07Jun17,132
08Jun17,131
09Jun17,130
12Jun17,130
13Jun17,130
14Jun17,131
15Jun17,131
16Jun17,132
19Jun17,130
20Jun17,132
21Jun17,133
22Jun17,133
23Jun17,133
26Jun17,133
27Jun17,129
28Jun17,129
29Jun17,129
30Jun17,132
03Jul17,130
04Jul17,130
05Jul17,130
06Jul17,131
07Jul17,132
10Jul17,132
11Jul17,131
12Jul17,132
13Jul17,132
14Jul17,134
17Jul17,134
18Jul17,134
19Jul17,134
20Jul17,133
21Jul17,134
24Jul17,132
25Jul17,129
26Jul17,130
27Jul17,127
28Jul17,128
31Jul17,123
01Ago17,123
02Ago17,123
03Ago17,123
04Ago17,122
07Ago17,122
08Ago17,120
09Ago17,124
10Ago17,125
11Ago17,129
14Ago17,126
15Ago17,122
16Ago17,123
17Ago17,126
18Ago17,127
21Ago17,127
22Ago17,124
23Ago17,126
24Ago17,125
25Ago17,123
28Ago17,124
29Ago17,125
30Ago17,122
31Ago17,130
01Set17,128
04Set17,128
05Set17,129
06Set17,127
07Set17,128
08Set17,129
11Set17,127
12Set17,126
13Set17,125
14Set17,125
15Set17,126
18Set17,125
19Set17,126
20Set17,126
21Set17,129
22Set17,128
25Set17,130
26Set17,128
27Set17,127
28Set17,126
29Set17,128
02Oct17,128
03Oct17,126
04Oct17,125
05Oct17,125
06Oct17,124
09Oct17,124
10Oct17,126
11Oct17,126
12Oct17,126
13Oct17,127
16Oct17,126
17Oct17,126
18Oct17,122
19Oct17,123
20Oct17,120
23Oct17,118
24Oct17,116
25Oct17,115
26Oct17,115
27Oct17,116
30Oct17,118
31Oct17,118
01Nov17,117
02Nov17,118
03Nov17,118
06Nov17,120
07Nov17,121
08Nov17,124
09Nov17,124
10Nov17,123
13Nov17,124
14Nov17,125
15Nov17,132
16Nov17,131
17Nov17,129
20Nov17,132
21Nov17,131
22Nov17,129
23Nov17,129
24Nov17,128
27Nov17,128
28Nov17,126
29Nov17,125
30Nov17,123
01Dic17,121
04Dic17,118
05Dic17,118
06Dic17,120
07Dic17,118
08Dic17,118
11Dic17,118
12Dic17,119
13Dic17,120
14Dic17,121
15Dic17,121
18Dic17,118
19Dic17,114
20Dic17,113
21Dic17,114
22Dic17,115
25Dic17,115
26Dic17,114
27Dic17,117
28Dic17,116
29Dic17,117
01Ene18,117
02Ene18,115
03Ene18,117
04Ene18,117
05Ene18,114
08Ene18,113
09Ene18,111
10Ene18,112
11Ene18,112
12Ene18,111
15Ene18,111
16Ene18,111
17Ene18,109
18Ene18,108
19Ene18,110
22Ene18,108
23Ene18,110
24Ene18,109
25Ene18,107
26Ene18,106
29Ene18,106
30Ene18,107
31Ene18,106
01Feb18,105
02Feb18,105
05Feb18,115
06Feb18,115
07Feb18,109
08Feb18,115
09Feb18,126
12Feb18,120
13Feb18,121
14Feb18,120
15Feb18,119
16Feb18,117
19Feb18,117
20Feb18,118
21Feb18,118
22Feb18,122
23Feb18,121
26Feb18,119
27Feb18,117
28Feb18,120
01Mar18,124
02Mar18,122
05Mar18,120
06Mar18,120
07Mar18,119
08Mar18,119
09Mar18,117
12Mar18,119
13Mar18,120
14Mar18,122
15Mar18,123
16Mar18,122
19Mar18,124
20Mar18,124
21Mar18,123
22Mar18,126
23Mar18,129
26Mar18,127
27Mar18,128
28Mar18,128
29Mar18,128
30Mar18,128
02Abr18,128
03Abr18,125
04Abr18,125
05Abr18,122
06Abr18,124
09Abr18,124
10Abr18,124
11Abr18,123
12Abr18,123
13Abr18,122
16Abr18,123
17Abr18,124
18Abr18,122
19Abr18,121
20Abr18,122
23Abr18,122
24Abr18,123
25Abr18,123
26Abr18,125
27Abr18,128
30Abr18,130
01May18,130
02May18,133
03May18,135
04May18,137
07May18,136
08May18,137
09May18,135
10May18,132
11May18,131
14May18,131
15May18,131
16May18,131
17May18,132
18May18,136
21May18,136
22May18,134
23May18,136
24May18,136
25May18,138
28May18,138
29May18,147
30May18,143
31May18,145
01Jun18,143
04Jun18,140
05Jun18,142
06Jun18,139
07Jun18,143
08Jun18,143
11Jun18,143
12Jun18,143
13Jun18,142
14Jun18,141
15Jun18,141
18Jun18,141
19Jun18,143
20Jun18,141
21Jun18,142
22Jun18,141
25Jun18,143
26Jun18,142
27Jun18,145
28Jun18,144
29Jun18,144
02Jul18,143
03Jul18,145
04Jul18,145
05Jul18,142
06Jul18,141
09Jul18,138
10Jul18,135
11Jul18,138
12Jul18,138
13Jul18,137
16Jul18,137
17Jul18,137
18Jul18,136
19Jul18,138
20Jul18,137
23Jul18,135
24Jul18,135
25Jul18,136
26Jul18,131
27Jul18,131
30Jul18,132
31Jul18,133
01Ago18,132
02Ago18,133
03Ago18,134
06Ago18,134
07Ago18,133
08Ago18,134
09Ago18,136
10Ago18,143
13Ago18,145
14Ago18,141
15Ago18,143
16Ago18,142
17Ago18,141
20Ago18,143
21Ago18,142
22Ago18,143
23Ago18,143
24Ago18,143
27Ago18,141
28Ago18,139
29Ago18,139
30Ago18,141
31Ago18,141
03Set18,141
04Set18,140
05Set18,141
06Set18,140
07Set18,139
10Set18,139
11Set18,137
12Set18,136
13Set18,134
14Set18,133
17Set18,133
18Set18,132
19Set18,130
20Set18,131
21Set18,130
24Set18,131
25Set18,128
26Set18,126
27Set18,126
28Set18,124
01Oct18,121
02Oct18,122
03Oct18,118
04Oct18,119
05Oct18,118
08Oct18,118
09Oct18,120
10Oct18,123
11Oct18,128
12Oct18,127
15Oct18,128
16Oct18,128
17Oct18,126
18Oct18,132
19Oct18,132
22Oct18,133
23Oct18,134
24Oct18,137
25Oct18,137
26Oct18,140
29Oct18,140
30Oct18,142
31Oct18,140
01Nov18,140
02Nov18,135
05Nov18,136
06Nov18,137
07Nov18,133
08Nov18,135
09Nov18,137
12Nov18,137
13Nov18,141
14Nov18,144
15Nov18,146
16Nov18,149
19Nov18,152
20Nov18,156
21Nov18,154
22Nov18,154
23Nov18,155
26Nov18,155
27Nov18,157
28Nov18,154
29Nov18,153
30Nov18,157
03Dic18,156
04Dic18,160
05Dic18,160
06Dic18,164
07Dic18,163
10Dic18,163
11Dic18,160
12Dic18,158
13Dic18,155
14Dic18,155
17Dic18,155
18Dic18,156
19Dic18,160
20Dic18,157
21Dic18,159
24Dic18,162
25Dic18,162
26Dic18,158
27Dic18,160
28Dic18,163
31Dic18,166
01Ene19,166
02Ene19,164
03Ene19,168
04Ene19,159
07Ene19,154
08Ene19,151
09Ene19,147
10Ene19,149
11Ene19,150
14Ene19,149
15Ene19,149
16Ene19,148
17Ene19,145
18Ene19,143
21Ene19,143
22Ene19,144
23Ene19,142
24Ene19,143
25Ene19,139
28Ene19,141
29Ene19,143
30Ene19,143
31Ene19,145
01Feb19,141
04Feb19,138
05Feb19,136
06Feb19,135
07Feb19,139
08Feb19,139
11Feb19,138
12Feb19,136
13Feb19,135
14Feb19,136
15Feb19,136
18Feb19,136
19Feb19,136
20Feb19,137
21Feb19,134
22Feb19,136
25Feb19,134
26Feb19,133
27Feb19,128
28Feb19,129
01Mar19,128
04Mar19,130
05Mar19,131
06Mar19,130
07Mar19,134
08Mar19,135
11Mar19,134
12Mar19,135
13Mar19,135
14Mar19,132
15Mar19,133
18Mar19,132
19Mar19,130
20Mar19,133
21Mar19,131
22Mar19,133
25Mar19,134
26Mar19,136
27Mar19,135
28Mar19,134
29Mar19,133
01Abr19,131
02Abr19,131
03Abr19,130
04Abr19,129
05Abr19,129
08Abr19,128
09Abr19,128
10Abr19,130
11Abr19,129
12Abr19,126
15Abr19,128
16Abr19,125
17Abr19,126
18Abr19,126
19Abr19,126
22Abr19,126
23Abr19,126
24Abr19,127
25Abr19,128
26Abr19,127
29Abr19,126
30Abr19,127
01May19,126
02May19,124
03May19,122
06May19,123
07May19,126
08May19,125
09May19,128
10May19,128
13May19,133
14May19,131
15May19,134
16May19,133
17May19,134
20May19,133
21May19,131
22May19,133
23May19,138
24May19,138
27May19,138
28May19,138
29May19,141
30May19,143
31May19,145
03Jun19,149
04Jun19,143
05Jun19,142
06Jun19,141
07Jun19,141
10Jun19,136
11Jun19,135
12Jun19,136
13Jun19,136
14Jun19,136
17Jun19,137
18Jun19,136
19Jun19,137
20Jun19,136
21Jun19,132
24Jun19,134
25Jun19,135
26Jun19,132
27Jun19,133
28Jun19,135
01Jul19,132
02Jul19,135
03Jul19,135
04Jul19,135
05Jul19,131
08Jul19,131
09Jul19,129
10Jul19,130
11Jul19,129
12Jul19,128
15Jul19,129
16Jul19,128
17Jul19,129
18Jul19,130
19Jul19,130
22Jul19,130
23Jul19,129
24Jul19,129
25Jul19,127
26Jul19,127
29Jul19,127
30Jul19,128
31Jul19,125
01Ago19,132
02Ago19,131
05Ago19,137
06Ago19,136
07Ago19,137
08Ago19,134
09Ago19,132
12Ago19,137
13Ago19,135
14Ago19,137
15Ago19,139
16Ago19,139
19Ago19,135
20Ago19,138
21Ago19,136
22Ago19,133
23Ago19,138
26Ago19,136
27Ago19,138
28Ago19,137
29Ago19,133
30Ago19,133
02Set19,133
03Set19,134
04Set19,133
05Set19,129
06Set19,130
09Set19,128
10Set19,126
11Set19,127
12Set19,124
13Set19,126
16Set19,129
17Set19,130
18Set19,129
19Set19,129
20Set19,130
23Set19,132
24Set19,139
25Set19,138
26Set19,137
27Set19,139
30Set19,139
01Oct19,140
02Oct19,144
03Oct19,148
04Oct19,143
07Oct19,140
08Oct19,142
09Oct19,140
10Oct19,138
11Oct19,134
14Oct19,134
15Oct19,133
16Oct19,132
17Oct19,132
18Oct19,131
21Oct19,132
22Oct19,134
23Oct19,133
24Oct19,133
25Oct19,130
28Oct19,129
29Oct19,131
30Oct19,136
31Oct19,141
01Nov19,141
04Nov19,141
05Nov19,140
06Nov19,141
07Nov19,139
08Nov19,138
11Nov19,144
12Nov19,144
13Nov19,147
14Nov19,148
15Nov19,147
18Nov19,146
19Nov19,151
20Nov19,153
21Nov19,152
22Nov19,151
25Nov19,149
26Nov19,150
27Nov19,149
28Nov19,149
29Nov19,149
02Dic19,150
03Dic19,154
04Dic19,152
05Dic19,151
06Dic19,149
09Dic19,149
10Dic19,148
11Dic19,149
12Dic19,145
13Dic19,145
16Dic19,140
17Dic19,139
18Dic19,136
19Dic19,137
20Dic19,136
23Dic19,135
24Dic19,137
25Dic19,137
26Dic19,137
27Dic19,137
30Dic19,136
31Dic19,135
01Ene20,135
02Ene20,136
03Ene20,139
06Ene20,137
07Ene20,139
08Ene20,139
09Ene20,140
10Ene20,140
13Ene20,141
14Ene20,142
15Ene20,143
16Ene20,141
17Ene20,139
20Ene20,139
21Ene20,142
22Ene20,142
23Ene20,146
24Ene20,149
27Ene20,153
28Ene20,150
29Ene20,151
30Ene20,151
31Ene20,149
03Feb20,149
04Feb20,147
05Feb20,143
06Feb20,142
07Feb20,143
10Feb20,144
11Feb20,143
12Feb20,141
13Feb20,141
14Feb20,140
17Feb20,140
18Feb20,141
19Feb20,140
20Feb20,141
21Feb20,142
24Feb20,146
25Feb20,152
26Feb20,156
27Feb20,165
28Feb20,180
02Mar20,180
03Mar20,178
04Mar20,170
05Mar20,180
06Mar20,207
09Mar20,245
10Mar20,230
11Mar20,251
12Mar20,295
13Mar20,284
16Mar20,328
17Mar20,326
18Mar20,366
19Mar20,379
20Mar20,374
23Mar20,388
24Mar20,370
25Mar20,330
26Mar20,307
27Mar20,317
30Mar20,315
31Mar20,301
01Abr20,321
02Abr20,326
03Abr20,331
06Abr20,328
07Abr20,318
08Abr20,315
09Abr20,307
10Abr20,307
13Abr20,296
14Abr20,290
15Abr20,304
16Abr20,305
17Abr20,296
20Abr20,297
21Abr20,306
22Abr20,302
23Abr20,303
24Abr20,305
27Abr20,298
28Abr20,300
29Abr20,296
30Abr20,284
01May20,282
04May20,281
05May20,277
06May20,270
07May20,277
08May20,270
11May20,264
12May20,265
13May20,271
14May20,274
15May20,268
18May20,251
19May20,248
20May20,238
21May20,232
22May20,232
25May20,232
26May20,222
27May20,223
28May20,219
29May20,226
01Jun20,223
02Jun20,218
03Jun20,206
04Jun20,202
05Jun20,194
08Jun20,194
09Jun20,201
10Jun20,207
11Jun20,217
12Jun20,216
15Jun20,218
16Jun20,206
17Jun20,209
18Jun20,212
19Jun20,210
22Jun20,207
23Jun20,206
24Jun20,208
25Jun20,209
26Jun20,214
29Jun20,214
30Jun20,211
01Jul20,207
02Jul20,206
03Jul20,206
06Jul20,202
07Jul20,206
08Jul20,204
09Jul20,210
10Jul20,206
13Jul20,205
14Jul20,208
15Jul20,204
16Jul20,205
17Jul20,201
20Jul20,199
21Jul20,196
22Jul20,194
23Jul20,195
24Jul20,196
27Jul20,192
28Jul20,195
29Jul20,190
30Jul20,190
31Jul20,185
03Ago20,179
04Ago20,180
05Ago20,172
06Ago20,170
07Ago20,167
10Ago20,165
11Ago20,161
12Ago20,161
13Ago20,158
14Ago20,162
17Ago20,166
18Ago20,170
19Ago20,170
20Ago20,175
21Ago20,175
24Ago20,173
25Ago20,173
26Ago20,174
27Ago20,172
28Ago20,172
31Ago20,175
01Set20,174
02Set20,174
03Set20,176
04Set20,169
07Set20,169
08Set20,172
09Set20,169
10Set20,170
11Set20,172
14Set20,172
15Set20,170
16Set20,170
17Set20,172
18Set20,172
21Set20,180
22Set20,182
23Set20,187
24Set20,189
25Set20,188
28Set20,186
29Set20,187
30Set20,187
01Oct20,182
02Oct20,178
05Oct20,170
06Oct20,172
07Oct20,167
08Oct20,166
09Oct20,164
12Oct20,164
13Oct20,166
14Oct20,165
15Oct20,163
16Oct20,161
19Oct20,160
20Oct20,159
21Oct20,161
22Oct20,160
23Oct20,165
26Oct20,170
27Oct20,171
28Oct20,174
29Oct20,174
30Oct20,174
02Nov20,175
03Nov20,172
04Nov20,168
05Nov20,163
06Nov20,161
09Nov20,147
10Nov20,147
11Nov20,147
12Nov20,152
13Nov20,151
16Nov20,149
17Nov20,152
18Nov20,150
19Nov20,152
20Nov20,154
23Nov20,152
24Nov20,151
25Nov20,153
26Nov20,153
27Nov20,157
30Nov20,157
01Dic20,151
02Dic20,147
03Dic20,148
04Dic20,144
07Dic20,148
08Dic20,149
09Dic20,147
10Dic20,151
11Dic20,152
14Dic20,151
15Dic20,148
16Dic20,148
17Dic20,145
18Dic20,143
21Dic20,144
22Dic20,147
23Dic20,143
24Dic20,145
25Dic20,145
28Dic20,144
29Dic20,143
30Dic20,143
31Dic20,144
01Ene21,144
04Ene21,144
05Ene21,142
06Ene21,138
07Ene21,137
08Ene21,135
11Ene21,137
12Ene21,142
13Ene21,142
14Ene21,138
15Ene21,140
18Ene21,140
19Ene21,142
20Ene21,142
21Ene21,140
22Ene21,141
25Ene21,144
26Ene21,144
27Ene21,145
28Ene21,143
29Ene21,138
01Feb21,138
02Feb21,134
03Feb21,133
04Feb21,134
05Feb21,131
08Feb21,132
09Feb21,131
10Feb21,132
11Feb21,129
12Feb21,127
15Feb21,127
16Feb21,126
17Feb21,128
18Feb21,129
19Feb21,128
22Feb21,131
23Feb21,133
24Feb21,132
25Feb21,133
26Feb21,142
01Mar21,138
02Mar21,140
03Mar21,139
04Mar21,138
05Mar21,144
08Mar21,147
09Mar21,148
10Mar21,146
11Mar21,141
12Mar21,135
15Mar21,136
16Mar21,131
17Mar21,130
18Mar21,126
19Mar21,124
22Mar21,126
23Mar21,126
24Mar21,126
25Mar21,126
26Mar21,124
29Mar21,120
30Mar21,124
31Mar21,122
01Abr21,124
02Abr21,124
05Abr21,122
06Abr21,124
07Abr21,123
08Abr21,124
09Abr21,123
12Abr21,124
13Abr21,126
14Abr21,125
15Abr21,128
16Abr21,125
19Abr21,123
20Abr21,127
21Abr21,127
22Abr21,128
23Abr21,127
26Abr21,129
27Abr21,127
28Abr21,129
29Abr21,128
30Abr21,126
03May21,128
04May21,133
05May21,135
06May21,135
07May21,128
10May21,125
11May21,125
12May21,123
13May21,123
14May21,126
17May21,131
18May21,131
19May21,131
20May21,135
21May21,134
24May21,137
25May21,140
26May21,139
27May21,137
28May21,135
31May21,135
01Jun21,135
02Jun21,135
03Jun21,135
04Jun21,139
07Jun21,139
08Jun21,141
09Jun21,142
10Jun21,144
11Jun21,143
14Jun21,141
15Jun21,142
16Jun21,141
17Jun21,144
18Jun21,147
21Jun21,147
22Jun21,141
23Jun21,139
24Jun21,136
25Jun21,131
28Jun21,134
29Jun21,134
30Jun21,135
01Jul21,134
02Jul21,138
05Jul21,138
06Jul21,142
07Jul21,144
08Jul21,144
09Jul21,140
12Jul21,141
13Jul21,140
14Jul21,141
15Jul21,145
16Jul21,142
19Jul21,149
20Jul21,146
21Jul21,144
22Jul21,148
23Jul21,148
26Jul21,149
27Jul21,152
28Jul21,149
29Jul21,148
30Jul21,145
02Ago21,146
03Ago21,144
04Ago21,144
05Ago21,140
06Ago21,136
09Ago21,135
10Ago21,136
11Ago21,136
12Ago21,135
13Ago21,139
16Ago21,141
17Ago21,141
18Ago21,140
19Ago21,142
20Ago21,141
23Ago21,139
24Ago21,135
25Ago21,131
26Ago21,134
27Ago21,136
30Ago21,136
31Ago21,136
01Set21,136
02Set21,137
03Set21,135
06Set21,135
07Set21,133
08Set21,136
09Set21,140
10Set21,137
13Set21,140
14Set21,145
15Set21,143
16Set21,142
17Set21,141
20Set21,150
21Set21,147
22Set21,146
23Set21,141
24Set21,141
27Set21,142
28Set21,143
29Set21,144
30Set21,150
01Oct21,155
04Oct21,156
05Oct21,153
06Oct21,156
07Oct21,152
08Oct21,153
11Oct21,153
12Oct21,158
13Oct21,159
14Oct21,159
15Oct21,158
18Oct21,161
19Oct21,157
20Oct21,157
21Oct21,156
22Oct21,156
25Oct21,156
26Oct21,156
27Oct21,155
28Oct21,154
29Oct21,161
01Nov21,161
02Nov21,163
03Nov21,155
04Nov21,157
05Nov21,160
08Nov21,149
09Nov21,148
10Nov21,146
11Nov21,146
12Nov21,146
15Nov21,143
16Nov21,143
17Nov21,149
18Nov21,152
19Nov21,155
22Nov21,147
23Nov21,148
24Nov21,152
25Nov21,152
26Nov21,170
29Nov21,164
30Nov21,166
01Dic21,163
02Dic21,162
03Dic21,168
06Dic21,161
07Dic21,155
08Dic21,150
09Dic21,149
10Dic21,150
13Dic21,154
14Dic21,153
15Dic21,150
16Dic21,153
17Dic21,156
20Dic21,159
21Dic21,156
22Dic21,159
23Dic21,155
24Dic21,155
27Dic21,155
28Dic21,154
29Dic21,149
30Dic21,152
31Dic21,153
03Ene22,145
04Ene22,144
05Ene22,145
06Ene22,151
07Ene22,151
10Ene22,155
11Ene22,159
12Ene22,158
13Ene22,161
14Ene22,160
17Ene22,160
18Ene22,162
19Ene22,164
20Ene22,163
21Ene22,167
24Ene22,167
25Ene22,166
26Ene22,161
27Ene22,171
28Ene22,173
31Ene22,167
01Feb22,166
02Feb22,166
03Feb22,164
04Feb22,164
07Feb22,168
08Feb22,169
09Feb22,167
10Feb22,164
11Feb22,176
14Feb22,172
15Feb22,166
16Feb22,168
17Feb22,172
18Feb22,178
21Feb22,178
22Feb22,184
23Feb22,185
24Feb22,190
25Feb22,186
28Feb22,195
01Mar22,195
02Mar22,191
03Mar22,191
04Mar22,202
07Mar22,203
08Mar22,202
09Mar22,193
10Mar22,191
11Mar22,190
14Mar22,184
15Mar22,185
16Mar22,184
17Mar22,171
18Mar22,172
21Mar22,166
22Mar22,164
23Mar22,174
24Mar22,165
25Mar22,160
28Mar22,160
29Mar22,157
30Mar22,157
31Mar22,158
01Abr22,158
04Abr22,151
05Abr22,145
06Abr22,145
07Abr22,150
08Abr22,153
11Abr22,158
12Abr22,160
13Abr22,161
14Abr22,153
15Abr22,153
18Abr22,154
19Abr22,157
20Abr22,165
21Abr22,171
22Abr22,175
25Abr22,179
26Abr22,182
27Abr22,177
28Abr22,182
29Abr22,182
02May22,188
03May22,184
04May22,185
05May22,178
06May22,176
09May22,195
10May22,191
11May22,193
12May22,192
13May22,185
16May22,187
17May22,182
18May22,196
19May22,194
20May22,199
23May22,191
24May22,197
25May22,188
26May22,182
27May22,175
30May22,175
31May22,166
01Jun22,166
02Jun22,165
03Jun22,165
06Jun22,162
07Jun22,166
08Jun22,163
09Jun22,169
10Jun22,172
13Jun22,182
14Jun22,180
15Jun22,181
16Jun22,188
17Jun22,187
20Jun22,187
21Jun22,181
22Jun22,189
23Jun22,188
24Jun22,184
27Jun22,182
28Jun22,194
29Jun22,198
30Jun22,196
01Jul22,198
04Jul22,198
05Jul22,200
06Jul22,192
07Jul22,188
08Jul22,186
11Jul22,196
12Jul22,202
13Jul22,209
14Jul22,214
15Jul22,213
18Jul22,207
19Jul22,201
20Jul22,197
21Jul22,206
22Jul22,209
25Jul22,203
26Jul22,202
27Jul22,197
28Jul22,195
29Jul22,189
01Ago22,193
02Ago22,184
03Ago22,191
04Ago22,187
05Ago22,180
08Ago22,184
09Ago22,186
10Ago22,177
11Ago22,169
12Ago22,174
15Ago22,174
16Ago22,178
17Ago22,180
18Ago22,182
19Ago22,188
22Ago22,199
23Ago22,193
24Ago22,186
25Ago22,189
26Ago22,193
29Ago22,196
30Ago22,199
31Ago22,198
01Set22,203
02Set22,204
05Set22,204
06Set22,193
07Set22,194
08Set22,186
09Set22,181
12Set22,178
13Set22,186
14Set22,193
15Set22,187
16Set22,190
19Set22,190
20Set22,190
21Set22,193
22Set22,185
23Set22,192
26Set22,197
27Set22,195
28Set22,208
29Set22,213
30Set22,208
03Oct22,207
04Oct22,191
05Oct22,196
06Oct22,196
07Oct22,200
10Oct22,200
11Oct22,204
12Oct22,210
13Oct22,212
14Oct22,210
17Oct22,206
18Oct22,205
19Oct22,206
20Oct22,202
21Oct22,203
24Oct22,195
25Oct22,197
26Oct22,192
27Oct22,199
28Oct22,189
31Oct22,193
01Nov22,186
02Nov22,186
03Nov22,183
04Nov22,177
07Nov22,167
08Nov22,168
09Nov22,174
10Nov22,172
11Nov22,172
14Nov22,161
15Nov22,160
16Nov22,164
17Nov22,164
18Nov22,162
21Nov22,160
22Nov22,163
23Nov22,167
24Nov22,167
25Nov22,168
28Nov22,163
29Nov22,154
30Nov22,157
01Dic22,158
02Dic22,156
05Dic22,152
06Dic22,158
07Dic22,162
08Dic22,153
09Dic22,145
12Dic22,147
13Dic22,146
14Dic22,149
15Dic22,151
16Dic22,151
19Dic22,149
20Dic22,149
21Dic22,145
22Dic22,145
23Dic22,140
26Dic22,140
27Dic22,136
28Dic22,137
29Dic22,143
30Dic22,140
02Ene23,140
03Ene23,147
04Ene23,154
05Ene23,162
06Ene23,165
09Ene23,164
10Ene23,161
11Ene23,161
12Ene23,160
13Ene23,153
16Ene23,153
17Ene23,151
18Ene23,149
19Ene23,148
20Ene23,145
23Ene23,143
24Ene23,146
25Ene23,146
26Ene23,142
27Ene23,140
30Ene23,145
31Ene23,146
01Feb23,146
02Feb23,139
03Feb23,136
06Feb23,135
07Feb23,136
08Feb23,142
09Feb23,140
10Feb23,140
13Feb23,140
14Feb23,139
15Feb23,140
16Feb23,135
17Feb23,139
20Feb23,139
21Feb23,135
22Feb23,140
23Feb23,141
24Feb23,140
27Feb23,142
28Feb23,145
01Mar23,143
02Mar23,142
03Mar23,143
06Mar23,139
07Mar23,141
08Mar23,143
09Mar23,149
10Mar23,157
13Mar23,161
14Mar23,151
15Mar23,162
16Mar23,154
17Mar23,163
20Mar23,159
21Mar23,154
22Mar23,161
23Mar23,160
24Mar23,160
27Mar23,149
28Mar23,151
29Mar23,150
30Mar23,151
31Mar23,153
03Abr23,151
04Abr23,155
05Abr23,156
06Abr23,155
07Abr23,151
10Abr23,150
11Abr23,149
12Abr23,149
13Abr23,147
14Abr23,143
17Abr23,140
18Abr23,143
19Abr23,145
20Abr23,148
21Abr23,145
24Abr23,147
25Abr23,149
26Abr23,147
27Abr23,142
28Abr23,143
01May23,136
02May23,145
03May23,147
04May23,146
05May23,144
08May23,141
09May23,137
10May23,139
11May23,140
12May23,138
15May23,140
16May23,137
17May23,137
18May23,133
19May23,134
22May23,136
23May23,139
24May23,137
25May23,134
26May23,136
29May23,136
30May23,139
31May23,145
01Jun23,144
02Jun23,136
05Jun23,139
06Jun23,140
07Jun23,135
08Jun23,140
09Jun23,137
12Jun23,137
13Jun23,132
14Jun23,134
15Jun23,136
16Jun23,134
19Jun23,134
20Jun23,136
21Jun23,136
22Jun23,132
23Jun23,136
26Jun23,135
27Jun23,132
28Jun23,136
29Jun23,132
30Jun23,132
03Jul23,129
04Jul23,129
05Jul23,126
06Jul23,126
07Jul23,126
10Jul23,128
11Jul23,125
12Jul23,130
13Jul23,131
14Jul23,126
17Jul23,127
18Jul23,126
19Jul23,129
20Jul23,125
21Jul23,124
24Jul23,122
25Jul23,123
26Jul23,123
27Jul23,117
28Jul23,119
31Jul23,119
01Ago23,117
02Ago23,121
03Ago23,120
04Ago23,126
07Ago23,125
08Ago23,126
09Ago23,120
10Ago23,120
11Ago23,121
14Ago23,126
15Ago23,128
16Ago23,132
17Ago23,135
18Ago23,134
21Ago23,133
22Ago23,136
23Ago23,134
24Ago23,135
25Ago23,133
28Ago23,133
29Ago23,132
30Ago23,131
31Ago23,128
01Set23,128
04Set23,130
05Set23,134
06Set23,134
07Set23,133
08Set23,133
11Set23,135
12Set23,134
13Set23,132
14Set23,131
15Set23,134
18Set23,131
19Set23,129
20Set23,129
21Set23,132
22Set23,129
25Set23,131
26Set23,131
27Set23,135
28Set23,135
29Set23,135
02Oct23,139
03Oct23,143
04Oct23,150
05Oct23,146
06Oct23,146
09Oct23,147
10Oct23,151
11Oct23,149
12Oct23,155
13Oct23,152
16Oct23,152
17Oct23,151
18Oct23,149
19Oct23,152
20Oct23,154
23Oct23,153
24Oct23,149
25Oct23,154
26Oct23,155
27Oct23,151
30Oct23,147
31Oct23,155
01Nov23,152
02Nov23,149
03Nov23,152
06Nov23,157
07Nov23,159
08Nov23,155
09Nov23,154
10Nov23,155
13Nov23,155
14Nov23,150
15Nov23,151
16Nov23,149
17Nov23,146
20Nov23,143
21Nov23,142
22Nov23,142
23Nov23,137
24Nov23,141
27Nov23,140
28Nov23,137
29Nov23,134
30Nov23,137
01Dic23,133
04Dic23,135
05Dic23,136
06Dic23,133
07Dic23,132
08Dic23,132
11Dic23,135
12Dic23,142
13Dic23,136
14Dic23,135
15Dic23,134
18Dic23,133
19Dic23,136
20Dic23,133
21Dic23,132
22Dic23,132
25Dic23,133
26Dic23,139
27Dic23,135
28Dic23,132
29Dic23,132
01Ene24,137
02Ene24,149
03Ene24,145
04Ene24,141
05Ene24,144
08Ene24,144
09Ene24,138
10Ene24,138
11Ene24,139
12Ene24,139
15Ene24,134
16Ene24,136
17Ene24,133
18Ene24,134
19Ene24,134
22Ene24,140
23Ene24,136
24Ene24,136
25Ene24,137
26Ene24,135
29Ene24,135
30Ene24,137
31Ene24,143
01Feb24,144
02Feb24,139
05Feb24,140
06Feb24,140
07Feb24,140
08Feb24,140
09Feb24,140
12Feb24,140
13Feb24,136
14Feb24,136
15Feb24,134
16Feb24,133
19Feb24,133
20Feb24,133
21Feb24,130
22Feb24,131
23Feb24,132
26Feb24,132
27Feb24,131
28Feb24,133
29Feb24,134
01Mar24,137
04Mar24,133
05Mar24,135
06Mar24,135
07Mar24,138
08Mar24,139
11Mar24,136
12Mar24,134
13Mar24,130
14Mar24,128
15Mar24,128
18Mar24,128
19Mar24,128
20Mar24,127
21Mar24,124
22Mar24,126
25Mar24,125
26Mar24,127
27Mar24,127
28Mar24,127
29Mar24,127
01Abr24,123
02Abr24,125
03Abr24,124
04Abr24,123
05Abr24,118
08Abr24,117
09Abr24,118
10Abr24,113
11Abr24,113
12Abr24,116
15Abr24,117
16Abr24,119
17Abr24,121
18Abr24,120
19Abr24,120
22Abr24,119
23Abr24,119
24Abr24,120
25Abr24,122
26Abr24,122
29Abr24,122
30Abr24,121
01May24,124
02May24,123
03May24,122
06May24,123
07May24,125
08May24,118
09May24,119
10May24,118
13May24,118
14May24,119
15May24,119
16May24,117
17May24,116
20May24,114
21May24,114
22May24,115
23May24,115
24May24,117
27May24,117
28May24,123
29May24,114
30May24,115
31May24,118
03Jun24,122
04Jun24,124
05Jun24,125
06Jun24,126
07Jun24,121
10Jun24,120
11Jun24,124
12Jun24,122
13Jun24,126
14Jun24,128
17Jun24,128
18Jun24,128
19Jun24,128
20Jun24,128
21Jun24,127
24Jun24,128
25Jun24,127
26Jun24,125
27Jun24,126
28Jun24,120
01Jul24,123
02Jul24,121
03Jul24,123
04Jul24,123
05Jul24,124
08Jul24,121
09Jul24,121
10Jul24,122
11Jul24,120
12Jul24,122
15Jul24,121
16Jul24,123
17Jul24,126
18Jul24,123
19Jul24,124
22Jul24,124
23Jul24,120
24Jul24,120
25Jul24,122
26Jul24,124
29Jul24,123
30Jul24,127
31Jul24,131
01Ago24,135
02Ago24,144
05Ago24,150
06Ago24,142
07Ago24,138
08Ago24,136
09Ago24,137
12Ago24,136
13Ago24,134
14Ago24,131
15Ago24,128
16Ago24,128
19Ago24,127
20Ago24,130
21Ago24,128
22Ago24,127
23Ago24,128
26Ago24,126
27Ago24,126
28Ago24,125
29Ago24,126
30Ago24,122
02Set24,122
03Set24,129
04Set24,129
05Set24,132
06Set24,133
09Set24,134
10Set24,134
11Set24,135
12Set24,133
13Set24,132
16Set24,135
17Set24,130
18Set24,125
19Set24,123
20Set24,123
23Set24,124
24Set24,125
25Set24,123
26Set24,121
27Set24,122
30Set24,118
01Oct24,119
02Oct24,116
03Oct24,113
04Oct24,111
07Oct24,114
08Oct24,116
09Oct24,113
10Oct24,115
11Oct24,114
14Oct24,117
15Oct24,117
16Oct24,115
17Oct24,113
18Oct24,114
21Oct24,111
22Oct24,115
23Oct24,116
24Oct24,118
25Oct24,114
28Oct24,114
29Oct24,115
30Oct24,114
31Oct24,116
01Nov24,113
04Nov24,117
05Nov24,119
06Nov24,117
07Nov24,116
08Nov24,117
11Nov24,117
12Nov24,115
13Nov24,113
14Nov24,114
15Nov24,117
18Nov24,120
19Nov24,119
20Nov24,116
21Nov24,118
22Nov24,117
25Nov24,123
26Nov24,121
27Nov24,122
28Nov24,124
29Nov24,126
02Dic24,126
03Dic24,120
04Dic24,124
05Dic24,124
06Dic24,121
09Dic24,120
10Dic24,118
11Dic24,115
12Dic24,114
13Dic24,114
16Dic24,118
17Dic24,120
18Dic24,114
19Dic24,118
20Dic24,118
23Dic24,116
24Dic24,115
25Dic24,115
26Dic24,117
27Dic24,112
30Dic24,120
31Dic24,117
01Ene25,117
02Ene25,120
03Ene25,118
06Ene25,118
07Ene25,119
08Ene25,124
09Ene25,122
10Ene25,122
13Ene25,122
14Ene25,123
15Ene25,123
16Ene25,125
17Ene25,121
20Ene25,121
21Ene25,123
22Ene25,120
23Ene25,117
24Ene25,121
27Ene25,125
28Ene25,123
29Ene25,122
30Ene25,121
31Ene25,124
03Feb25,126
04Feb25,126
05Feb25,128
06Feb25,128
07Feb25,126
10Feb25,124
11Feb25,124
12Feb25,123
13Feb25,125
14Feb25,123
17Feb25,123
18Feb25,120
19Feb25,121
20Feb25,123
21Feb25,126
24Feb25,127
25Feb25,129
26Feb25,128
27Feb25,128
28Feb25,131
03Mar25,134
04Mar25,127
05Mar25,122
06Mar25,126
07Mar25,126
10Mar25,128
11Mar25,126
12Mar25,125
13Mar25,133
14Mar25,129
17Mar25,129
18Mar25,129
19Mar25,129
20Mar25,129
21Mar25,128
24Mar25,125
25Mar25,125
26Mar25,124
27Mar25,125
28Mar25,132
31Mar25,132
01Abr25,131
02Abr25,131
03Abr25,140
04Abr25,145
07Abr25,139
08Abr25,136
09Abr25,138
10Abr25,134
11Abr25,138
14Abr25,137
15Abr25,140
16Abr25,145
17Abr25,141
18Abr25,141
21Abr25,138
22Abr25,136
23Abr25,132
24Abr25,135
25Abr25,134
28Abr25,136
29Abr25,135
30Abr25,133
01May25,131
02May25,126
05May25,126
06May25,127
07May25,127
08May25,121
09May25,124
12May25,117
13May25,117
14May25,118
15May25,122
16May25,120
19May25,122
20May25,119
21May25,114
22May25,120
23May25,121
26May25,121
27May25,120
28May25,120
29May25,120
30May25,122
02Jun25,120
03Jun25,117
04Jun25,122
05Jun25,119
06Jun25,113
09Jun25,115
10Jun25,115
11Jun25,115
12Jun25,117
13Jun25,113
16Jun25,109
17Jun25,115
18Jun25,114
19Jun25,114
20Jun25,115
23Jun25,116
24Jun25,117
25Jun25,119
26Jun25,121
27Jun25,118
30Jun25,118
01Jul25,116
02Jul25,113
03Jul25,108
04Jul25,108
07Jul25,107
08Jul25,111
09Jul25,113
10Jul25,110
11Jul25,108
14Jul25,109
15Jul25,105
16Jul25,109
17Jul25,109
18Jul25,107
21Jul25,109
22Jul25,111
23Jul25,107
24Jul25,105
25Jul25,109
28Jul25,105
29Jul25,109
30Jul25,108
31Jul25,107
01Ago25,115
04Ago25,113
05Ago25,114
06Ago25,113
07Ago25,111
08Ago25,109
11Ago25,108
12Ago25,105
13Ago25,104
14Ago25,102
15Ago25,99
18Ago25,99
19Ago25,100
20Ago25,102
21Ago25,103
22Ago25,105
25Ago25,103
26Ago25,104
27Ago25,107
28Ago25,107
29Ago25,104
01Set25,104
02Set25,104
03Set25,105
04Set25,106
05Set25,109
08Set25,111
09Set25,108
10Set25,106
11Set25,103
12Set25,103
15Set25,104
16Set25,103
17Set25,99
18Set25,94
19Set25,96
22Set25,95
23Set25,96
24Set25,94
25Set25,95
26Set25,95
29Set25,98
30Set25,96
01Oct25,98
02Oct25,100
03Oct25,97
06Oct25,95
07Oct25,97
08Oct25,97
09Oct25,98
10Oct25,106
13Oct25,106
14Oct25,106
15Oct25,102
16Oct25,104
17Oct25,103
20Oct25,102
21Oct25,100
22Oct25,101
23Oct25,100
24Oct25,98
27Oct25,98
28Oct25,98
29Oct25,91
30Oct25,94
31Oct25,92
03Nov25,95
04Nov25,98
05Nov25,95
06Nov25,100
07Nov25,101
10Nov25,99
11Nov25,99
12Nov25,100
13Nov25,98
14Nov25,97
17Nov25,95
18Nov25,95
19Nov25,95
20Nov25,97
21Nov25,98
24Nov25,100
25Nov25,102
26Nov25,102
27Nov25,102
28Nov25,100
01Dic25,95
02Dic25,94
03Dic25,94
04Dic25,92
05Dic25,90
08Dic25,90
09Dic25,91
10Dic25,92
11Dic25,91
12Dic25,87
15Dic25,86
16Dic25,90
17Dic25,91
18Dic25,92
19Dic25,90
22Dic25,89
23Dic25,91
24Dic25,92
25Dic25,92
26Dic25,91
29Dic25,93
30Dic25,93
31Dic25,89
01Ene26,89
02Ene26,89
05Ene26,93
06Ene26,92
07Ene26,94
08Ene26,94
09Ene26,93
12Ene26,93
13Ene26,94
14Ene26,96
15Ene26,93
16Ene26,90
19Ene26,90
20Ene26,87
21Ene26,91
22Ene26,87
23Ene26,89
26Ene26,90
27Ene26,90
28Ene26,89
29Ene26,87
30Ene26,88
02Feb26,86
03Feb26,88
04Feb26,86
05Feb26,92
06Feb26,90
09Feb26,89
10Feb26,92
11Feb26,89
12Feb26,94
13Feb26,95
16Feb26,95
17Feb26,92
18Feb26,91
19Feb26,91
20Feb26,90
23Feb26,91
24Feb26,90
25Feb26,89
26Feb26,93
27Feb26,95
02Mar26,93
03Mar26,96
04Mar26,91
05Mar26,89
06Mar26,92
09Mar26,96
10Mar26,89
11Mar26,85
12Mar26,87
13Mar26,89
16Mar26,93
17Mar26,94
18Mar26,94
19Mar26,99
20Mar26,97
23Mar26,99
24Mar26,98
25Mar26,100
26Mar26,98
27Mar26,101
30Mar26,106
31Mar26,102
01Abr26,99
02Abr26,101
03Abr26,99
06Abr26,100
07Abr26,104
08Abr26,95
09Abr26,95
10Abr26,92
13Abr26,93
14Abr26,91
15Abr26,88
16Abr26,86
17Abr26,89
20Abr26,87
21Abr26,85
22Abr26,84
23Abr26,85
24Abr26,87
27Abr26,85
28Abr26,87
29Abr26,83
30Abr26,83
01May26,84
04May26,83
05May26,82
06May26,84
07May26,83
08May26,84
11May26,83
12May26,82
13May26,84
14May26,83
15May26,80
18May26,83
19May26,83
20May26,87
21May26,88
22May26,86
25May26,86
26May26,87
27May26,88
28May26,87
29May26,86
01Jun26,88
02Jun26,86
03Jun26,85
04Jun26,84
05Jun26,84
08Jun26,84
09Jun26,88
10Jun26,88
11Jun26,92
12Jun26,87
15Jun26,83
16Jun26,84
17Jun26,82
18Jun26,85
19Jun26,85
22Jun26,82
23Jun26,85
24Jun26,89
25Jun26,90
26Jun26,92
29Jun26,92
30Jun26,84
01Jul26,83
02Jul26,85
03Jul26,85
06Jul26,85
07Jul26,82
08Jul26,84
09Jul26,82
10Jul26,84
13Jul26,82
14Jul26,83
15Jul26,85
16Jul26,88
17Jul26,87
20Jul26,84
21Jul26,84
22Jul26,85
23Jul26,84
24Jul26,89
27Jul26,90
28Jul26,92
29Jul26,87
30Jul26,92
31Jul26,94
03Ago26,92
04Ago26,93
05Ago26,94
06Ago26,92
07Ago26,91
10Ago26,88
11Ago26,88
12Ago26,88
13Ago26,89
14Ago26,87
17Ago26,85
18Ago26,90
19Ago26,93
20Ago26,90
21Ago26,89
24Ago26,90
25Ago26,94
26Ago26,93
27Ago26,90
28Ago26,89
31Ago26,87
01Set26,89
02Set26,90
03Set26,88
04Set26,n.d.
07Set26,n.d.
08Set26,n.d.
09Set26,n.d.
10Set26,n.d.
11Set26,n.d.
14Set26,n.d.
15Set26,n.d.
16Set26,n.d.
17Set26,n.d.
18Set26,n.d.
21Set26,n.d.
22Set26,n.d.
23Set26,n.d.
24Set26,n.d.
25Set26,n.d.
28Set26,n.d.
