Period Start Date,USD/CLP
2026-09-21,957.357
2026-09-14,953.901
2026-09-07,934.705
2026-08-31,933.818
2026-08-24,921.862
2026-08-17,917.957
2026-08-10,914.010
2026-08-03,915.693
2026-07-27,933.204
2026-07-20,940.379
2026-07-13,928.030
2026-07-06,926.568
2026-06-29,922.009
2026-06-22,916.367
2026-06-15,895.198
2026-06-08,909.409
2026-06-01,899.397
2026-05-25,892.322
2026-05-18,900.509
2026-05-11,899.592
2026-05-04,897.060
2026-04-27,898.030
2026-04-20,890.402
2026-04-13,884.913
2026-04-06,902.569
2026-03-30,921.096
2026-03-23,920.339
2026-03-16,917.104
2026-03-09,909.325
2026-03-02,900.128
2026-02-23,866.160
2026-02-16,864.591
2026-02-09,857.484
2026-02-02,861.447
2026-01-26,863.921
2026-01-19,876.001
2026-01-12,885.256
2026-01-05,896.379
2025-12-29,904.485
2025-12-22,905.765
2025-12-15,912.196
2025-12-08,917.453
2025-12-01,922.300
2025-11-24,930.935
2025-11-17,931.861
2025-11-10,931.176
2025-11-03,943.009
2025-10-27,941.309
2025-10-20,947.149
2025-10-13,957.335
2025-10-06,956.046
2025-09-29,962.634
2025-09-22,956.119
2025-09-15,952.255
2025-09-08,959.794
2025-09-01,967.958
2025-08-25,965.419
2025-08-18,963.170
2025-08-11,961.714
2025-08-04,967.660
2025-07-28,968.063
2025-07-21,954.816
2025-07-14,963.672
2025-07-07,948.015
2025-06-30,928.922
2025-06-23,938.375
2025-06-16,940.290
2025-06-09,935.317
2025-06-02,935.632
2025-05-26,940.305
2025-05-19,940.988
2025-05-12,941.526
2025-05-05,938.889
2025-04-28,944.914
2025-04-21,943.416
2025-04-14,967.215
2025-04-07,981.873
2025-03-31,955.445
2025-03-24,934.149
2025-03-17,923.904
2025-03-10,934.104
2025-03-03,937.613
2025-02-24,950.073
2025-02-17,945.442
2025-02-10,955.543
2025-02-03,970.486
2025-01-27,985.767
2025-01-20,992.934
2025-01-13,1008.38
2025-01-06,1007.02
2024-12-30,1000.99
2024-12-23,990.544
2024-12-16,987.403
2024-12-09,975.968
2024-12-02,974.170
2024-11-25,975.328
2024-11-18,977.610
2024-11-11,977.910
2024-11-04,961.952
2024-10-28,955.760
2024-10-21,947.489
2024-10-14,941.760
2024-10-07,928.473
2024-09-30,912.112
2024-09-23,909.240
2024-09-16,928.749
2024-09-09,936.223
2024-09-02,934.675
2024-08-26,911.213
2024-08-19,917.704
2024-08-12,934.474
2024-08-05,940.162
2024-07-29,950.510
2024-07-22,946.227
2024-07-15,922.681
2024-07-08,919.377
2024-07-01,940.350
2024-06-24,944.848
2024-06-17,933.828
2024-06-10,923.133
2024-06-03,910.178
2024-05-27,909.985
2024-05-20,899.252
2024-05-13,904.694
2024-05-06,932.760
2024-04-29,946.165
2024-04-22,950.591
2024-04-15,967.835
2024-04-08,952.235
2024-04-01,959.804
2024-03-25,979.429
2024-03-18,967.067
2024-03-11,950.034
2024-03-04,971.504
2024-02-26,974.295
2024-02-19,971.915
2024-02-12,967.872
2024-02-05,958.464
2024-01-29,936.088
2024-01-22,913.974
2024-01-15,914.906
2024-01-08,909.589
2024-01-01,884.563
2023-12-25,884.363
2023-12-18,877.866
2023-12-11,872.956
2023-12-04,869.990
2023-11-27,865.497
2023-11-20,873.462
2023-11-13,894.012
2023-11-06,898.378
2023-10-30,889.703
2023-10-23,925.421
2023-10-16,941.398
2023-10-09,930.744
2023-10-02,914.776
2023-09-25,899.186
2023-09-18,888.196
2023-09-11,887.459
2023-09-04,878.341
2023-08-28,851.558
2023-08-21,856.423
2023-08-14,865.334
2023-08-07,854.341
2023-07-31,845.089
2023-07-24,826.727
2023-07-17,816.758
2023-07-10,812.215
2023-07-03,801.926
2023-06-26,801.395
2023-06-19,801.369
2023-06-12,795.028
2023-06-05,791.902
2023-05-29,802.322
2023-05-22,801.475
2023-05-15,793.889
2023-05-08,789.951
2023-05-01,800.861
2023-04-24,806.245
2023-04-17,797.069
2023-04-10,803.321
2023-04-03,811.174
2023-03-27,796.098
2023-03-20,814.437
2023-03-13,816.523
2023-03-06,799.031
2023-02-27,813.844
2023-02-20,807.447
2023-02-13,790.099
2023-02-06,798.993
2023-01-30,794.734
2023-01-23,805.374
2023-01-16,818.196
2023-01-09,823.816
2023-01-02,847.732
2022-12-26,859.993
2022-12-19,878.690
2022-12-12,872.531
2022-12-05,870.608
2022-11-28,893.358
2022-11-21,924.501
2022-11-14,913.771
2022-11-07,901.269
2022-10-31,937.721
2022-10-24,954.569
2022-10-17,972.094
2022-10-10,944.110
2022-10-03,940.665
2022-09-26,970.275
2022-09-19,944.763
2022-09-12,915.624
2022-09-05,889.149
2022-08-29,886.399
2022-08-22,911.240
2022-08-15,910.647
2022-08-08,889.053
2022-08-01,906.731
2022-07-25,915.241
2022-07-18,980.972
2022-07-11,1009.70
2022-07-04,956.998
2022-06-27,923.463
2022-06-20,896.854
2022-06-13,866.634
2022-06-06,829.641
2022-05-30,818.857
2022-05-23,828.550
2022-05-16,845.462
2022-05-09,863.002
2022-05-02,857.629
2022-04-25,848.888
2022-04-18,823.852
2022-04-11,812.249
2022-04-04,799.271
2022-03-28,782.401
2022-03-21,787.844
2022-03-14,804.265
2022-03-07,805.960
2022-02-28,803.211
2022-02-21,800.164
2022-02-14,801.318
2022-02-07,815.223
2022-01-31,814.870
2022-01-24,805.961
2022-01-17,808.259
2022-01-10,823.519
2022-01-03,838.664
2021-12-27,853.170
2021-12-20,863.445
2021-12-13,844.271
2021-12-06,841.874
2021-11-29,837.279
2021-11-22,821.166
2021-11-15,819.864
2021-11-08,798.633
2021-11-01,812.402
2021-10-25,808.795
2021-10-18,815.545
2021-10-11,822.430
2021-10-04,814.655
2021-09-27,802.437
2021-09-20,788.201
2021-09-13,783.226
2021-09-06,783.281
2021-08-30,771.814
2021-08-23,783.501
2021-08-16,786.040
2021-08-09,777.427
2021-08-02,777.027
2021-07-26,760.181
2021-07-19,757.747
2021-07-12,751.436
2021-07-05,745.810
2021-06-28,733.771
2021-06-21,737.702
2021-06-14,734.421
2021-06-07,719.176
2021-05-31,720.310
2021-05-24,726.945
2021-05-17,715.727
2021-05-10,701.088
2021-05-03,700.565
2021-04-26,706.099
2021-04-19,704.740
2021-04-12,705.404
2021-04-05,713.179
2021-03-29,722.512
2021-03-22,725.376
2021-03-15,719.803
2021-03-08,726.275
2021-03-01,729.025
2021-02-22,712.852
2021-02-15,713.139
2021-02-08,727.426
2021-02-01,735.233
2021-01-25,734.036
2021-01-18,727.777
2021-01-11,728.797
2021-01-04,705.740
2020-12-28,710.198
2020-12-21,717.878
2020-12-14,728.756
2020-12-07,738.791
2020-11-30,753.128
2020-11-23,768.238
2020-11-16,762.557
2020-11-09,759.767
2020-11-02,757.184
2020-10-26,773.281
2020-10-19,782.545
2020-10-12,799.558
2020-10-05,795.344
2020-09-28,786.604
2020-09-21,780.917
2020-09-14,762.969
2020-09-07,770.483
2020-08-31,772.824
2020-08-24,783.480
2020-08-17,792.798
2020-08-10,795.366
2020-08-03,775.180
2020-07-27,761.219
2020-07-20,774.523
2020-07-13,787.200
2020-07-06,791.715
2020-06-29,809.872
2020-06-22,817.778
2020-06-15,803.083
2020-06-08,780.133
2020-06-01,777.141
2020-05-25,806.290
2020-05-18,811.729
2020-05-11,824.039
2020-05-04,833.321
2020-04-27,841.487
2020-04-20,858.030
2020-04-13,851.479
2020-04-06,847.006
2020-03-30,859.997
2020-03-23,843.073
2020-03-16,857.879
2020-03-09,839.664
2020-03-02,820.703
2020-02-24,813.378
2020-02-17,800.217
2020-02-10,792.612
2020-02-03,786.795
2020-01-27,793.339
2020-01-20,774.697
2020-01-13,773.929
2020-01-06,769.657
2019-12-30,750.118
2019-12-23,750.161
2019-12-16,756.595
2019-12-09,771.851
2019-12-02,795.194
2019-11-25,830.582
2019-11-18,791.511
2019-11-11,780.599
2019-11-04,746.266
2019-10-28,736.973
2019-10-21,725.437
2019-10-14,713.226
2019-10-07,717.076
2019-09-30,721.496
2019-09-23,724.682
2019-09-16,714.970
2019-09-09,710.812
2019-09-02,718.265
2019-08-26,719.911
2019-08-19,713.923
2019-08-12,709.465
2019-08-05,713.167
2019-07-29,704.736
2019-07-22,692.801
2019-07-15,683.557
2019-07-08,683.295
2019-07-01,680.700
2019-06-24,679.566
2019-06-17,690.024
2019-06-10,697.162
2019-06-03,695.724
2019-05-27,705.631
2019-05-20,695.735
2019-05-13,693.659
2019-05-06,683.823
2019-04-29,677.989
2019-04-22,670.998
2019-04-15,661.676
2019-04-08,662.003
2019-04-01,667.767
2019-03-25,680.163
2019-03-18,669.936
2019-03-11,668.988
2019-03-04,663.988
2019-02-25,653.484
2019-02-18,654.479
2019-02-11,661.666
2019-02-04,655.030
2019-01-28,660.759
2019-01-21,670.768
2019-01-14,671.611
2019-01-07,676.958
2018-12-31,689.660
2018-12-24,692.532
2018-12-17,690.009
2018-12-10,680.868
2018-12-03,672.493
2018-11-26,672.138
2018-11-19,670.541
2018-11-12,678.772
2018-11-05,680.046
2018-10-29,689.075
2018-10-22,685.829
2018-10-15,675.291
2018-10-08,680.012
2018-10-01,667.437
2018-09-24,662.214
2018-09-17,675.070
2018-09-10,689.479
2018-09-03,687.091
2018-08-27,671.014
2018-08-20,663.833
2018-08-13,664.907
2018-08-06,647.618
2018-07-30,641.880
2018-07-23,649.266
2018-07-16,656.217
2018-07-09,650.053
2018-07-02,654.511
2018-06-25,646.354
2018-06-18,637.936
2018-06-11,633.590
2018-06-04,630.326
2018-05-28,628.697
2018-05-21,626.947
2018-05-14,631.137
2018-05-07,625.136
2018-04-30,616.600
2018-04-23,602.659
2018-04-16,595.342
2018-04-09,598.489
2018-04-02,603.716
2018-03-26,603.750
2018-03-19,607.900
2018-03-12,604.528
2018-03-05,601.288
2018-02-26,594.157
2018-02-19,592.417
2018-02-12,595.229
2018-02-05,601.902
2018-01-29,602.198
2018-01-22,603.471
2018-01-15,604.841
2018-01-08,605.485
2018-01-01,606.881
2017-12-25,616.349
2017-12-18,621.178
2017-12-11,644.023
2017-12-04,652.889
2017-11-27,638.337
2017-11-20,631.010
2017-11-13,627.311
2017-11-06,627.923
2017-10-30,630.590
2017-10-23,629.553
2017-10-16,622.040
2017-10-09,623.684
2017-10-02,631.369
2017-09-25,633.600
2017-09-18,621.190
2017-09-11,619.680
2017-09-04,617.744
2017-08-28,626.458
2017-08-21,634.430
2017-08-14,644.594
2017-08-07,645.393
2017-07-31,648.434
2017-07-24,645.799
2017-07-17,651.421
2017-07-10,655.972
2017-07-03,662.418
2017-06-26,658.504
2017-06-19,658.485
2017-06-12,661.326
2017-06-05,664.250
2017-05-29,668.616
2017-05-22,668.322
2017-05-15,665.903
2017-05-08,672.190
2017-05-01,667.036
2017-04-24,657.181
2017-04-17,645.427
2017-04-10,649.941
2017-04-03,651.935
2017-03-27,660.608
2017-03-20,658.579
2017-03-13,661.729
2017-03-06,658.923
2017-02-27,648.061
2017-02-20,641.051
2017-02-13,637.861
2017-02-06,641.294
2017-01-30,640.463
2017-01-23,647.451
2017-01-16,656.193
2017-01-09,662.623
2017-01-02,666.057
2016-12-26,668.280
2016-12-19,671.003
2016-12-12,658.203
2016-12-05,653.963
2016-11-28,669.468
2016-11-21,673.475
2016-11-14,671.499
2016-11-07,649.382
2016-10-31,649.724
2016-10-24,650.364
2016-10-17,664.220
2016-10-10,664.052
2016-10-03,659.009
2016-09-26,655.354
2016-09-19,662.371
2016-09-12,669.993
2016-09-05,665.024
2016-08-29,673.982
2016-08-22,663.749
2016-08-15,653.995
2016-08-08,640.021
2016-08-01,648.319
2016-07-25,650.281
2016-07-18,641.570
2016-07-11,648.961
2016-07-04,653.455
2016-06-27,657.771
2016-06-20,665.018
2016-06-13,677.062
2016-06-06,674.081
2016-05-30,681.861
2016-05-23,685.516
2016-05-16,684.315
2016-05-09,672.480
2016-05-02,658.590
2016-04-25,658.287
2016-04-18,657.656
2016-04-11,668.263
2016-04-04,671.437
2016-03-28,668.910
2016-03-21,668.714
2016-03-14,669.606
2016-03-07,668.295
2016-02-29,680.014
2016-02-22,693.192
2016-02-15,701.426
2016-02-08,708.830
2016-02-01,706.792
2016-01-25,714.790
2016-01-18,721.681
2016-01-11,729.527
2016-01-04,720.326
2015-12-28,707.370
2015-12-21,697.565
2015-12-14,705.466
2015-12-07,705.688
2015-11-30,699.764
2015-11-23,712.040
2015-11-16,711.128
2015-11-09,701.886
2015-11-02,693.964
2015-10-26,688.571
2015-10-19,686.600
2015-10-12,676.866
2015-10-05,678.936
2015-09-28,696.335
2015-09-21,696.341
2015-09-14,680.768
2015-09-07,688.468
2015-08-31,691.190
2015-08-24,697.444
2015-08-17,694.492
2015-08-10,681.707
2015-08-03,679.332
2015-07-27,669.263
2015-07-20,655.484
2015-07-13,643.988
2015-07-06,647.204
2015-06-29,636.425
2015-06-22,632.721
2015-06-15,632.963
2015-06-08,629.619
2015-06-01,629.560
2015-05-25,615.362
2015-05-18,604.686
2015-05-11,600.517
2015-05-04,608.249
2015-04-27,609.652
2015-04-20,615.145
2015-04-13,613.502
2015-04-06,614.865
2015-03-30,618.661
2015-03-23,622.529
2015-03-16,636.538
2015-03-09,635.631
2015-03-02,621.709
2015-02-23,618.462
2015-02-16,618.250
2015-02-09,622.804
2015-02-02,626.326
2015-01-26,628.039
2015-01-19,626.534
2015-01-12,622.114
2015-01-05,614.634
2014-12-29,609.117
2014-12-22,608.503
2014-12-15,614.895
2014-12-08,615.914
2014-12-01,611.498
2014-11-24,602.060
2014-11-17,596.392
2014-11-10,592.247
2014-11-03,586.481
2014-10-27,578.180
2014-10-20,584.371
2014-10-13,587.716
2014-10-06,594.031
2014-09-29,598.029
2014-09-22,598.741
2014-09-15,595.067
2014-09-08,590.339
2014-09-01,588.175
2014-08-25,586.786
2014-08-18,581.068
2014-08-11,576.220
2014-08-04,575.367
2014-07-28,569.927
2014-07-21,563.621
2014-07-14,559.730
2014-07-07,552.523
2014-06-30,550.585
2014-06-23,550.768
2014-06-16,556.908
2014-06-09,553.571
2014-06-02,551.045
2014-05-26,551.115
2014-05-19,551.819
2014-05-12,550.666
2014-05-05,560.650
2014-04-28,562.367
2014-04-21,560.078
2014-04-14,555.381
2014-04-07,548.645
2014-03-31,553.236
2014-03-24,554.412
2014-03-17,566.040
2014-03-10,571.301
2014-03-03,561.286
2014-02-24,558.187
2014-02-17,551.958
2014-02-10,549.882
2014-02-03,555.351
2014-01-27,550.870
2014-01-20,546.404
2014-01-13,533.734
2014-01-06,531.027
2013-12-30,527.380
2013-12-23,525.754
2013-12-16,528.689
2013-12-09,529.667
2013-12-02,529.524
2013-11-25,526.947
2013-11-18,519.705
2013-11-11,520.181
2013-11-04,515.978
2013-10-28,507.903
2013-10-21,503.158
2013-10-14,496.674
2013-10-07,498.281
2013-09-30,501.215
2013-09-23,500.591
2013-09-16,502.624
2013-09-09,505.223
2013-09-02,508.958
2013-08-26,511.384
2013-08-19,512.969
2013-08-12,509.879
2013-08-05,510.609
2013-07-29,512.797
2013-07-22,505.028
2013-07-15,501.026
2013-07-08,505.753
2013-07-01,504.989
2013-06-24,507.065
2013-06-17,506.561
2013-06-10,496.969
2013-06-03,501.722
2013-05-27,494.776
2013-05-20,486.709
2013-05-13,478.263
2013-05-06,471.306
2013-04-29,470.938
2013-04-22,473.884
2013-04-15,474.259
2013-04-08,468.484
2013-04-01,470.524
2013-03-25,471.949
2013-03-18,472.216
2013-03-11,471.243
2013-03-04,472.214
2013-02-25,472.906
2013-02-18,472.568
2013-02-11,471.148
2013-02-04,472.235
2013-01-28,471.726
2013-01-21,471.314
2013-01-14,472.655
2013-01-07,472.121
2012-12-31,476.679
2012-12-24,478.729
2012-12-17,475.107
2012-12-10,474.307
2012-12-03,478.421
2012-11-26,479.843
2012-11-19,478.357
2012-11-12,483.186
2012-11-05,479.493
2012-10-29,480.771
2012-10-22,479.657
2012-10-15,472.207
2012-10-08,473.371
2012-10-01,472.600
2012-09-24,471.886
2012-09-17,470.200
2012-09-10,472.000
2012-09-03,477.600
2012-08-27,480.129
2012-08-20,481.929
2012-08-13,483.243
2012-08-06,476.600
2012-07-30,482.129
2012-07-23,486.921
2012-07-16,487.829
2012-07-09,491.364
2012-07-02,497.857
2012-06-25,504.129
2012-06-18,500.950
2012-06-11,500.700
2012-06-04,508.100
2012-05-28,516.543
2012-05-21,508.864
2012-05-14,500.814
2012-05-07,485.750
2012-04-30,482.979
2012-04-23,485.129
2012-04-16,486.321
2012-04-09,484.700
2012-04-02,483.157
2012-03-26,486.286
2012-03-19,486.329
2012-03-12,483.286
2012-03-05,485.750
2012-02-27,480.836
2012-02-20,480.986
2012-02-13,483.036
2012-02-06,478.636
2012-01-30,482.800
2012-01-23,488.693
2012-01-16,506.886
2012-01-09,509.700
2012-01-02,515.957
2011-12-26,520.129
2011-12-19,519.786
2011-12-12,517.357
2011-12-05,509.971
2011-11-28,517.271
2011-11-21,519.400
2011-11-14,508.886
2011-11-07,499.707
2011-10-31,494.350
2011-10-24,495.600
2011-10-17,511.907
2011-10-10,503.943
2011-10-03,523.543
2011-09-26,514.729
2011-09-19,505.693
2011-09-12,478.693
2011-09-05,465.443
2011-08-29,461.893
2011-08-22,466.414
2011-08-15,469.450
2011-08-08,471.529
2011-08-01,461.686
2011-07-25,458.548
2011-07-18,461.909
2011-07-11,463.559
2011-07-04,463.864
2011-06-27,469.074
2011-06-20,472.601
2011-06-13,468.910
2011-06-06,467.195
2011-05-30,467.145
2011-05-23,469.406
2011-05-16,469.034
2011-05-09,467.787
2011-05-02,464.307
2011-04-25,462.942
2011-04-18,468.725
2011-04-11,468.151
2011-04-04,469.097
2011-03-28,475.641
2011-03-21,475.039
2011-03-14,480.025
2011-03-07,474.185
2011-02-28,472.107
2011-02-21,469.008
2011-02-14,461.283
2011-02-07,470.458
2011-01-31,472.331
2011-01-24,482.164
2011-01-17,484.769
2011-01-10,488.842
2011-01-03,485.510
2010-12-27,462.052
2010-12-20,462.301
2010-12-13,467.465
2010-12-06,472.894
2010-11-29,478.260
2010-11-22,475.565
2010-11-15,478.640
2010-11-08,475.326
2010-11-01,479.708
2010-10-25,482.739
2010-10-18,479.441
2010-10-11,472.755
2010-10-04,477.993
2010-09-27,478.236
2010-09-20,486.546
2010-09-13,490.264
2010-09-06,488.909
2010-08-30,487.693
2010-08-23,492.800
2010-08-16,495.043
2010-08-09,502.159
2010-08-02,504.922
2010-07-26,509.842
2010-07-19,515.465
2010-07-12,522.243
2010-07-05,525.780
2010-06-28,528.052
2010-06-21,522.277
2010-06-14,521.213
2010-06-07,529.637
2010-05-31,524.775
2010-05-24,527.355
2010-05-17,529.141
2010-05-10,521.338
2010-05-03,516.286
2010-04-26,510.544
2010-04-19,511.818
2010-04-12,507.212
2010-04-05,507.587
2010-03-29,516.436
2010-03-22,522.117
2010-03-15,513.769
2010-03-08,503.644
2010-03-01,507.520
2010-02-22,518.100
2010-02-15,519.640
2010-02-08,526.305
2010-02-01,528.972
2010-01-25,508.450
2010-01-18,486.872
2010-01-11,482.365
2010-01-04,487.822
2009-12-28,497.911
2009-12-21,496.364
2009-12-14,490.340
2009-12-07,491.867
2009-11-30,490.888
2009-11-23,485.966
2009-11-16,488.794
2009-11-09,500.887
2009-11-02,516.762
2009-10-26,524.843
2009-10-19,532.085
2009-10-12,541.874
2009-10-05,544.201
2009-09-28,539.638
2009-09-21,534.298
2009-09-14,538.512
2009-09-07,542.527
2009-08-31,544.286
2009-08-24,538.677
2009-08-17,542.010
2009-08-10,537.240
2009-08-03,532.506
2009-07-27,532.341
2009-07-20,523.974
2009-07-13,532.714
2009-07-06,533.961
2009-06-29,526.988
2009-06-22,522.258
2009-06-15,541.152
2009-06-08,554.391
2009-06-01,556.088
2009-05-25,553.211
2009-05-18,547.978
2009-05-11,555.053
2009-05-04,559.291
2009-04-27,579.142
2009-04-20,571.915
2009-04-13,573.538
2009-04-06,572.461
2009-03-30,566.825
2009-03-23,568.166
2009-03-16,573.592
2009-03-09,587.990
2009-03-02,597.490
2009-02-23,591.545
2009-02-16,587.704
2009-02-09,589.373
2009-02-02,605.991
2009-01-26,603.680
2009-01-19,606.739
2009-01-12,607.263
2009-01-05,626.456
2008-12-29,628.579
2008-12-22,617.856
2008-12-15,628.165
2008-12-08,649.161
2008-12-01,659.938
2008-11-24,655.561
2008-11-17,645.695
2008-11-10,629.514
2008-11-03,636.246
2008-10-27,670.795
2008-10-20,645.270
2008-10-13,626.796
2008-10-06,614.157
2008-09-29,557.989
2008-09-22,536.935
2008-09-15,544.675
2008-09-08,529.431
2008-09-01,517.289
2008-08-25,515.264
2008-08-18,518.586
2008-08-11,516.065
2008-08-04,510.983
2008-07-28,503.090
2008-07-21,493.272
2008-07-14,495.595
2008-07-07,503.398
2008-06-30,512.053
2008-06-23,509.171
2008-06-16,492.914
2008-06-09,493.139
2008-06-02,483.903
2008-05-26,477.944
2008-05-19,469.739
2008-05-12,467.991
2008-05-05,469.207
2008-04-28,457.764
2008-04-21,452.172
2008-04-14,454.143
2008-04-07,440.463
2008-03-31,437.398
2008-03-24,444.321
2008-03-17,440.943
2008-03-10,434.491
2008-03-03,448.679
2008-02-25,460.567
2008-02-18,467.519
2008-02-11,465.821
2008-02-04,471.793
2008-01-28,464.860
2008-01-21,472.439
2008-01-14,476.329
2008-01-07,485.944
2007-12-31,496.759
2007-12-24,496.743
2007-12-17,498.281
2007-12-10,497.955
2007-12-03,501.255
2007-11-26,511.162
2007-11-19,511.875
2007-11-12,506.017
2007-11-05,503.925
2007-10-29,493.515
2007-10-22,500.533
2007-10-15,498.303
2007-10-08,498.126
2007-10-01,506.842
2007-09-24,512.000
2007-09-17,512.487
2007-09-10,515.350
2007-09-03,521.722
2007-08-27,523.993
2007-08-20,523.821
2007-08-13,522.656
2007-08-06,520.250
2007-07-30,521.902
2007-07-23,521.149
2007-07-16,515.307
2007-07-09,516.945
2007-07-02,523.571
2007-06-25,527.600
2007-06-18,525.370
2007-06-11,528.304
2007-06-04,527.213
2007-05-28,526.311
2007-05-21,523.787
2007-05-14,519.761
2007-05-07,518.736
2007-04-30,523.162
2007-04-23,527.577
2007-04-16,529.115
2007-04-09,533.059
2007-04-02,537.103
2007-03-26,539.201
2007-03-19,536.610
2007-03-12,537.917
2007-03-05,538.521
2007-02-26,538.996
2007-02-19,537.300
2007-02-12,541.189
2007-02-05,546.318
2007-01-29,544.731
2007-01-22,540.665
2007-01-15,541.061
2007-01-08,540.153
2007-01-01,538.465
2006-12-25,532.862
2006-12-18,528.645
2006-12-11,525.419
2006-12-04,524.974
2006-11-27,527.865
2006-11-20,529.634
2006-11-13,528.338
2006-11-06,524.926
2006-10-30,525.502
2006-10-23,524.872
2006-10-16,527.738
2006-10-09,534.437
2006-10-02,536.241
2006-09-25,537.951
2006-09-18,538.121
2006-09-11,537.757
2006-09-04,540.416
2006-08-28,532.239
2006-08-21,517.017
2006-08-14,519.934
2006-08-07,527.576
2006-07-31,525.038
2006-07-24,518.530
2006-07-17,522.955
2006-07-10,517.850
2006-07-03,514.770
2006-06-26,523.644
2006-06-19,523.308
2006-06-12,529.301
2006-06-05,525.000
2006-05-29,511.487
2006-05-22,510.131
2006-05-15,501.639
2006-05-08,496.004
2006-05-01,504.553
2006-04-24,496.954
2006-04-17,499.569
2006-04-10,497.638
2006-04-03,509.269
2006-03-27,517.684
2006-03-20,522.869
2006-03-13,520.258
2006-03-06,526.747
2006-02-27,511.446
2006-02-20,512.414
2006-02-13,519.847
2006-02-06,521.193
2006-01-30,521.708
2006-01-23,521.633
2006-01-16,523.621
2006-01-09,519.484
2006-01-02,518.342
2005-12-26,513.992
2005-12-19,513.466
2005-12-12,510.863
2005-12-05,505.587
2005-11-28,516.534
2005-11-21,523.492
2005-11-14,526.336
2005-11-07,530.057
2005-10-31,542.656
2005-10-24,543.979
2005-10-17,537.986
2005-10-10,533.714
2005-10-03,527.864
2005-09-26,533.193
2005-09-19,536.401
2005-09-12,535.986
2005-09-05,534.893
2005-08-29,540.357
2005-08-22,545.514
2005-08-15,539.643
2005-08-08,540.764
2005-08-01,554.074
2005-07-25,563.546
2005-07-18,562.996
2005-07-11,572.961
2005-07-04,583.979
2005-06-27,579.050
2005-06-20,579.657
2005-06-13,584.693
2005-06-06,591.671
2005-05-30,586.643
2005-05-23,580.820
2005-05-16,581.164
2005-05-09,575.914
2005-05-02,575.364
2005-04-25,581.560
2005-04-18,578.661
2005-04-11,577.886
2005-04-04,580.686
2005-03-28,586.107
2005-03-21,588.071
2005-03-14,575.657
2005-03-07,562.903
2005-02-28,574.511
2005-02-21,572.414
2005-02-14,564.781
2005-02-07,569.174
2005-01-31,572.664
2005-01-24,582.620
2005-01-17,576.921
2005-01-10,569.714
2005-01-03,568.756
2004-12-27,552.139
2004-12-20,564.134
2004-12-13,577.204
2004-12-06,588.006
2004-11-29,583.621
2004-11-22,582.109
2004-11-15,590.769
2004-11-08,600.187
2004-11-01,606.217
2004-10-25,613.280
2004-10-18,604.513
2004-10-11,585.529
2004-10-04,581.796
2004-09-27,590.993
2004-09-20,596.259
2004-09-13,595.527
2004-09-06,612.384
2004-08-30,626.296
2004-08-23,617.720
2004-08-16,622.501
2004-08-09,622.780
2004-08-02,626.233
2004-07-26,623.874
2004-07-19,608.770
2004-07-12,613.974
2004-07-05,622.593
2004-06-28,616.749
2004-06-21,620.830
2004-06-14,629.687
2004-06-07,627.300
2004-05-31,626.336
2004-05-24,624.374
2004-05-17,624.376
2004-05-10,631.017
2004-05-03,619.864
2004-04-26,610.127
2004-04-19,589.007
2004-04-12,583.489
2004-04-05,585.534
2004-03-29,596.690
2004-03-22,595.334
2004-03-15,592.231
2004-03-08,587.643
2004-03-01,578.031
2004-02-23,580.689
2004-02-16,564.546
2004-02-09,563.960
2004-02-02,570.573
2004-01-26,566.007
2004-01-19,552.083
2004-01-12,551.441
2004-01-05,551.967
2003-12-29,577.089
2003-12-22,594.184
2003-12-15,588.293
2003-12-08,595.464
2003-12-01,591.831
2003-11-24,616.059
2003-11-17,620.307
2003-11-10,611.851
2003-11-03,607.264
2003-10-27,613.579
2003-10-20,620.680
2003-10-13,629.253
2003-10-06,630.613
2003-09-29,652.724
2003-09-22,647.771
2003-09-15,666.774
2003-09-08,712.010
2003-09-01,707.070
2003-08-25,692.516
2003-08-18,695.994
2003-08-11,695.747
2003-08-04,700.796
2003-07-28,692.870
2003-07-21,693.053
2003-07-14,691.181
2003-07-07,702.836
2003-06-30,700.463
2003-06-23,692.766
2003-06-16,696.161
2003-06-09,707.231
2003-06-02,702.821
2003-05-26,702.887
2003-05-19,698.330
2003-05-12,682.261
2003-05-05,685.504
2003-04-28,693.976
2003-04-21,700.757
2003-04-14,733.137
2003-04-07,717.187
2003-03-31,729.713
2003-03-24,725.284
2003-03-17,733.806
2003-03-10,734.350
2003-03-03,736.103
2003-02-24,737.657
2003-02-17,735.251
2003-02-10,737.997
2003-02-03,741.474
2003-01-27,725.673
2003-01-20,701.870
2003-01-13,694.281
2003-01-06,692.900
2002-12-30,696.466
2002-12-23,696.000
2002-12-16,683.511
2002-12-09,692.776
2002-12-02,689.029
2002-11-25,691.671
2002-11-18,686.579
2002-11-11,697.373
2002-11-04,708.474
2002-10-28,719.341
2002-10-21,734.873
2002-10-14,734.620
2002-10-07,732.319
2002-09-30,738.213
2002-09-23,731.021
2002-09-16,719.244
2002-09-09,702.579
2002-09-02,691.634
2002-08-26,694.341
2002-08-19,690.509
2002-08-12,702.900
2002-08-05,702.900
2002-07-29,700.721
2002-07-22,691.250
2002-07-15,681.314
2002-07-08,683.791
2002-07-01,678.990
2002-06-24,684.199
2002-06-17,656.039
2002-06-10,651.511
2002-06-03,647.121
2002-05-27,645.531
2002-05-20,630.544
2002-05-13,628.794
2002-05-06,631.253
2002-04-29,625.489
2002-04-22,628.237
2002-04-15,621.190
2002-04-08,621.339
2002-04-01,633.559
2002-03-25,636.897
2002-03-18,634.740
2002-03-11,632.713
2002-03-04,640.621
2002-02-25,647.839
2002-02-18,648.563
2002-02-11,653.364
2002-02-04,661.384
2002-01-28,651.533
2002-01-21,644.389
2002-01-14,644.997
2002-01-07,644.933
2001-12-31,625.693
2001-12-24,635.891
2001-12-17,641.414
2001-12-10,645.523
2001-12-03,651.200
2001-11-26,654.713
2001-11-19,655.596
2001-11-12,664.117
2001-11-05,680.114
2001-10-29,690.167
2001-10-22,687.040
2001-10-15,684.869
2001-10-08,684.340
2001-10-01,674.240
2001-09-24,671.040
2001-09-17,667.604
2001-09-10,683.529
2001-09-03,665.936
2001-08-27,662.471
2001-08-20,666.957
2001-08-13,685.057
2001-08-06,679.900
2001-07-30,672.529
2001-07-23,664.929
2001-07-16,662.686
2001-07-09,661.057
2001-07-02,640.643
2001-06-25,627.586
2001-06-18,623.029
2001-06-11,612.557
2001-06-04,607.529
2001-05-28,609.657
2001-05-21,605.864
2001-05-14,606.464
2001-05-07,602.764
2001-04-30,601.571
2001-04-23,602.047
2001-04-16,599.821
2001-04-09,596.771
2001-04-02,596.200
2001-03-26,593.057
2001-03-19,591.086
2001-03-12,588.935
2001-03-05,590.100
2001-02-26,574.230
2001-02-19,567.843
2001-02-12,561.086
2001-02-05,560.630
2001-01-29,563.014
2001-01-22,566.585
2001-01-15,571.379
2001-01-08,573.649
2001-01-01,573.393
2000-12-25,573.357
2000-12-18,572.386
2000-12-11,574.957
2000-12-04,576.279
2000-11-27,578.086
2000-11-20,575.493
2000-11-13,573.271
2000-11-06,575.357
2000-10-30,570.714
2000-10-23,574.714
2000-10-16,569.814
2000-10-09,565.857
2000-10-02,561.414
2000-09-25,564.157
2000-09-18,565.700
2000-09-11,563.614
2000-09-04,567.786
2000-08-28,557.973
2000-08-21,546.443
2000-08-14,546.843
2000-08-07,550.614
2000-07-31,553.486
2000-07-24,554.443
2000-07-17,545.100
2000-07-10,539.614
2000-07-03,535.500
2000-06-26,538.100
2000-06-19,534.214
2000-06-12,530.986
2000-06-05,526.057
2000-05-29,522.143
2000-05-22,524.707
2000-05-15,520.990
2000-05-08,522.243
2000-05-01,517.271
2000-04-24,514.143
2000-04-17,510.728
2000-04-10,507.229
2000-04-03,504.914
2000-03-27,502.236
2000-03-20,503.407
2000-03-13,506.443
2000-03-06,506.129
2000-02-28,502.614
2000-02-21,507.514
2000-02-14,512.414
2000-02-07,514.843
2000-01-31,516.293
2000-01-24,516.871
2000-01-17,516.657
2000-01-10,517.800
2000-01-03,525.414
